entity_id,entity_name,country
E000001,ENTITY_000001,FR
E000002,ENTITY_000002,IL
E000003,ENTITY_000003,BR
E000004,ENTITY_000004,KR
E000005,ENTITY_000005,CA
E000006,ENTITY_000006,IL
E000007,ENTITY_000007,SG
E000008,ENTITY_000008,GB
E000009,ENTITY_000009,FR
E000010,ENTITY_000010,TR
E000011,ENTITY_000011,IN
E000012,ENTITY_000012,AE
E000013,ENTITY_000013,FR
E000014,ENTITY_000014,US
E000015,ENTITY_000015,MX
E000016,ENTITY_000016,MX
E000017,ENTITY_000017,MX
E000018,ENTITY_000018,IN
E000019,ENTITY_000019,SG
E000020,ENTITY_000020,VN
E000021,ENTITY_000021,NL
E000022,ENTITY_000022,BR
E000023,ENTITY_000023,SE
E000024,ENTITY_000024,FR
E000025,ENTITY_000025,MX
E000026,ENTITY_000026,FR
E000027,ENTITY_000027,TR
E000028,ENTITY_000028,DE
E000029,ENTITY_000029,VN
E000030,ENTITY_000030,US
E000031,ENTITY_000031,IT
E000032,ENTITY_000032,DE
E000033,ENTITY_000033,AE
E000034,ENTITY_000034,FR
E000035,ENTITY_000035,SG
E000036,ENTITY_000036,ES
E000037,ENTITY_000037,AE
E000038,ENTITY_000038,CA
E000039,ENTITY_000039,DE
E000040,ENTITY_000040,ES
E000041,ENTITY_000041,CN
E000042,ENTITY_000042,GB
E000043,ENTITY_000043,DE
E000044,ENTITY_000044,KR
E000045,ENTITY_000045,JP
E000046,ENTITY_000046,SG
E000047,ENTITY_000047,BR
E000048,ENTITY_000048,MX
E000049,ENTITY_000049,IT
E000050,ENTITY_000050,ES
E000051,ENTITY_000051,BR
E000052,ENTITY_000052,ES
E000053,ENTITY_000053,BR
E000054,ENTITY_000054,VN
E000055,ENTITY_000055,JP
E000056,ENTITY_000056,AE
E000057,ENTITY_000057,GB
E000058,ENTITY_000058,VN
E000059,ENTITY_000059,JP
E000060,ENTITY_000060,SG
E000061,ENTITY_000061,IN
E000062,ENTITY_000062,KR
E000063,ENTITY_000063,IN
E000064,ENTITY_000064,SG
E000065,ENTITY_000065,US
E000066,ENTITY_000066,VN
E000067,ENTITY_000067,BR
E000068,ENTITY_000068,IN
E000069,ENTITY_000069,VN
E000070,ENTITY_000070,VN
E000071,ENTITY_000071,KR
E000072,ENTITY_000072,NL
E000073,ENTITY_000073,IN
E000074,ENTITY_000074,TR
E000075,ENTITY_000075,TR
E000076,ENTITY_000076,TR
E000077,ENTITY_000077,IN
E000078,ENTITY_000078,SE
E000079,ENTITY_000079,CA
E000080,ENTITY_000080,SE
E000081,ENTITY_000081,IT
E000082,ENTITY_000082,DE
E000083,ENTITY_000083,FR
E000084,ENTITY_000084,CN
E000085,ENTITY_000085,JP
E000086,ENTITY_000086,DE
E000087,ENTITY_000087,US
E000088,ENTITY_000088,ES
E000089,ENTITY_000089,BR
E000090,ENTITY_000090,AE
E000091,ENTITY_000091,US
E000092,ENTITY_000092,DE
E000093,ENTITY_000093,CN
E000094,ENTITY_000094,SG
E000095,ENTITY_000095,JP
E000096,ENTITY_000096,NL
E000097,ENTITY_000097,NL
E000098,ENTITY_000098,NL
E000099,ENTITY_000099,CA
E000100,ENTITY_000100,TR
E000101,ENTITY_000101,AE
E000102,ENTITY_000102,IL
E000103,ENTITY_000103,IN
E000104,ENTITY_000104,TR
E000105,ENTITY_000105,CA
E000106,ENTITY_000106,SG
E000107,ENTITY_000107,TR
E000108,ENTITY_000108,IL
E000109,ENTITY_000109,IL
E000110,ENTITY_000110,CN
E000111,ENTITY_000111,BR
E000112,ENTITY_000112,SE
E000113,ENTITY_000113,CA
E000114,ENTITY_000114,GB
E000115,ENTITY_000115,SG
E000116,ENTITY_000116,NL
E000117,ENTITY_000117,KR
E000118,ENTITY_000118,SE
E000119,ENTITY_000119,BR
E000120,ENTITY_000120,US
E000121,ENTITY_000121,NL
E000122,ENTITY_000122,ES
E000123,ENTITY_000123,ES
E000124,ENTITY_000124,CN
E000125,ENTITY_000125,KR
E000126,ENTITY_000126,DE
E000127,ENTITY_000127,GB
E000128,ENTITY_000128,MX
E000129,ENTITY_000129,BR
E000130,ENTITY_000130,TR
E000131,ENTITY_000131,SG
E000132,ENTITY_000132,MX
E000133,ENTITY_000133,VN
E000134,ENTITY_000134,VN
E000135,ENTITY_000135,VN
E000136,ENTITY_000136,FR
E000137,ENTITY_000137,AE
E000138,ENTITY_000138,US
E000139,ENTITY_000139,SE
E000140,ENTITY_000140,BR
E000141,ENTITY_000141,FR
E000142,ENTITY_000142,GB
E000143,ENTITY_000143,BR
E000144,ENTITY_000144,US
E000145,ENTITY_000145,MX
E000146,ENTITY_000146,SE
E000147,ENTITY_000147,CA
E000148,ENTITY_000148,MX
E000149,ENTITY_000149,GB
E000150,ENTITY_000150,FR
E000151,ENTITY_000151,FR
E000152,ENTITY_000152,CN
E000153,ENTITY_000153,BR
E000154,ENTITY_000154,DE
E000155,ENTITY_000155,KR
E000156,ENTITY_000156,VN
E000157,ENTITY_000157,CA
E000158,ENTITY_000158,SE
E000159,ENTITY_000159,KR
E000160,ENTITY_000160,VN
E000161,ENTITY_000161,IL
E000162,ENTITY_000162,SG
E000163,ENTITY_000163,CN
E000164,ENTITY_000164,SE
E000165,ENTITY_000165,KR
E000166,ENTITY_000166,MX
E000167,ENTITY_000167,VN
E000168,ENTITY_000168,CA
E000169,ENTITY_000169,IN
E000170,ENTITY_000170,AE
E000171,ENTITY_000171,CN
E000172,ENTITY_000172,NL
E000173,ENTITY_000173,AE
E000174,ENTITY_000174,ES
E000175,ENTITY_000175,MX
E000176,ENTITY_000176,IT
E000177,ENTITY_000177,KR
E000178,ENTITY_000178,CA
E000179,ENTITY_000179,MX
E000180,ENTITY_000180,CN
E000181,ENTITY_000181,GB
E000182,ENTITY_000182,CN
E000183,ENTITY_000183,KR
E000184,ENTITY_000184,IN
E000185,ENTITY_000185,TR
E000186,ENTITY_000186,JP
E000187,ENTITY_000187,IN
E000188,ENTITY_000188,ES
E000189,ENTITY_000189,DE
E000190,ENTITY_000190,JP
E000191,ENTITY_000191,SE
E000192,ENTITY_000192,IT
E000193,ENTITY_000193,ES
E000194,ENTITY_000194,JP
E000195,ENTITY_000195,NL
E000196,ENTITY_000196,IT
E000197,ENTITY_000197,TR
E000198,ENTITY_000198,FR
E000199,ENTITY_000199,BR
E000200,ENTITY_000200,KR
E000201,ENTITY_000201,TR
E000202,ENTITY_000202,NL
E000203,ENTITY_000203,FR
E000204,ENTITY_000204,FR
E000205,ENTITY_000205,CN
E000206,ENTITY_000206,GB
E000207,ENTITY_000207,AE
E000208,ENTITY_000208,MX
E000209,ENTITY_000209,SG
E000210,ENTITY_000210,KR
E000211,ENTITY_000211,DE
E000212,ENTITY_000212,TR
E000213,ENTITY_000213,CN
E000214,ENTITY_000214,CA
E000215,ENTITY_000215,FR
E000216,ENTITY_000216,IN
E000217,ENTITY_000217,SE
E000218,ENTITY_000218,CA
E000219,ENTITY_000219,VN
E000220,ENTITY_000220,DE
E000221,ENTITY_000221,ES
E000222,ENTITY_000222,NL
E000223,ENTITY_000223,IL
E000224,ENTITY_000224,BR
E000225,ENTITY_000225,DE
E000226,ENTITY_000226,AE
E000227,ENTITY_000227,CN
E000228,ENTITY_000228,VN
E000229,ENTITY_000229,JP
E000230,ENTITY_000230,SG
E000231,ENTITY_000231,FR
E000232,ENTITY_000232,SE
E000233,ENTITY_000233,SE
E000234,ENTITY_000234,GB
E000235,ENTITY_000235,IL
E000236,ENTITY_000236,US
E000237,ENTITY_000237,DE
E000238,ENTITY_000238,DE
E000239,ENTITY_000239,ES
E000240,ENTITY_000240,US
E000241,ENTITY_000241,US
E000242,ENTITY_000242,FR
E000243,ENTITY_000243,MX
E000244,ENTITY_000244,VN
E000245,ENTITY_000245,JP
E000246,ENTITY_000246,IT
E000247,ENTITY_000247,SG
E000248,ENTITY_000248,TR
E000249,ENTITY_000249,IL
E000250,ENTITY_000250,FR
E000251,ENTITY_000251,SG
E000252,ENTITY_000252,CA
E000253,ENTITY_000253,TR
E000254,ENTITY_000254,AE
E000255,ENTITY_000255,CA
E000256,ENTITY_000256,SG
E000257,ENTITY_000257,ES
E000258,ENTITY_000258,FR
E000259,ENTITY_000259,VN
E000260,ENTITY_000260,FR
E000261,ENTITY_000261,NL
E000262,ENTITY_000262,AE
E000263,ENTITY_000263,CN
E000264,ENTITY_000264,JP
E000265,ENTITY_000265,SE
E000266,ENTITY_000266,SE
E000267,ENTITY_000267,DE
E000268,ENTITY_000268,JP
E000269,ENTITY_000269,KR
E000270,ENTITY_000270,TR
E000271,ENTITY_000271,IN
E000272,ENTITY_000272,AE
E000273,ENTITY_000273,CN
E000274,ENTITY_000274,SE
E000275,ENTITY_000275,SG
E000276,ENTITY_000276,IT
E000277,ENTITY_000277,DE
E000278,ENTITY_000278,FR
E000279,ENTITY_000279,GB
E000280,ENTITY_000280,SE
E000281,ENTITY_000281,IL
E000282,ENTITY_000282,AE
E000283,ENTITY_000283,US
E000284,ENTITY_000284,SE
E000285,ENTITY_000285,AE
E000286,ENTITY_000286,IT
E000287,ENTITY_000287,JP
E000288,ENTITY_000288,IN
E000289,ENTITY_000289,AE
E000290,ENTITY_000290,CA
E000291,ENTITY_000291,CA
E000292,ENTITY_000292,JP
E000293,ENTITY_000293,SG
E000294,ENTITY_000294,IN
E000295,ENTITY_000295,BR
E000296,ENTITY_000296,GB
E000297,ENTITY_000297,IN
E000298,ENTITY_000298,IN
E000299,ENTITY_000299,VN
E000300,ENTITY_000300,MX
E000301,ENTITY_000301,SG
E000302,ENTITY_000302,IT
E000303,ENTITY_000303,KR
E000304,ENTITY_000304,IT
E000305,ENTITY_000305,AE
E000306,ENTITY_000306,IT
E000307,ENTITY_000307,FR
E000308,ENTITY_000308,VN
E000309,ENTITY_000309,IT
E000310,ENTITY_000310,IL
E000311,ENTITY_000311,TR
E000312,ENTITY_000312,IL
E000313,ENTITY_000313,IT
E000314,ENTITY_000314,FR
E000315,ENTITY_000315,ES
E000316,ENTITY_000316,DE
E000317,ENTITY_000317,IL
E000318,ENTITY_000318,IN
E000319,ENTITY_000319,VN
E000320,ENTITY_000320,IT
E000321,ENTITY_000321,MX
E000322,ENTITY_000322,MX
E000323,ENTITY_000323,DE
E000324,ENTITY_000324,JP
E000325,ENTITY_000325,IN
E000326,ENTITY_000326,CA
E000327,ENTITY_000327,AE
E000328,ENTITY_000328,IT
E000329,ENTITY_000329,US
E000330,ENTITY_000330,CN
E000331,ENTITY_000331,IL
E000332,ENTITY_000332,TR
E000333,ENTITY_000333,GB
E000334,ENTITY_000334,JP
E000335,ENTITY_000335,ES
E000336,ENTITY_000336,CN
E000337,ENTITY_000337,SE
E000338,ENTITY_000338,NL
E000339,ENTITY_000339,IT
E000340,ENTITY_000340,KR
E000341,ENTITY_000341,VN
E000342,ENTITY_000342,US
E000343,ENTITY_000343,IT
E000344,ENTITY_000344,TR
E000345,ENTITY_000345,KR
E000346,ENTITY_000346,KR
E000347,ENTITY_000347,MX
E000348,ENTITY_000348,NL
E000349,ENTITY_000349,KR
E000350,ENTITY_000350,ES
E000351,ENTITY_000351,ES
E000352,ENTITY_000352,BR
E000353,ENTITY_000353,BR
E000354,ENTITY_000354,CN
E000355,ENTITY_000355,FR
E000356,ENTITY_000356,FR
E000357,ENTITY_000357,SE
E000358,ENTITY_000358,AE
E000359,ENTITY_000359,DE
E000360,ENTITY_000360,DE
E000361,ENTITY_000361,JP
E000362,ENTITY_000362,FR
E000363,ENTITY_000363,GB
E000364,ENTITY_000364,IL
E000365,ENTITY_000365,NL
E000366,ENTITY_000366,CA
E000367,ENTITY_000367,IL
E000368,ENTITY_000368,JP
E000369,ENTITY_000369,SG
E000370,ENTITY_000370,IT
E000371,ENTITY_000371,MX
E000372,ENTITY_000372,TR
E000373,ENTITY_000373,CA
E000374,ENTITY_000374,IL
E000375,ENTITY_000375,US
E000376,ENTITY_000376,IT
E000377,ENTITY_000377,IT
E000378,ENTITY_000378,AE
E000379,ENTITY_000379,KR
E000380,ENTITY_000380,DE
E000381,ENTITY_000381,IL
E000382,ENTITY_000382,BR
E000383,ENTITY_000383,MX
E000384,ENTITY_000384,CA
E000385,ENTITY_000385,JP
E000386,ENTITY_000386,MX
E000387,ENTITY_000387,AE
E000388,ENTITY_000388,FR
E000389,ENTITY_000389,SE
E000390,ENTITY_000390,BR
E000391,ENTITY_000391,VN
E000392,ENTITY_000392,GB
E000393,ENTITY_000393,VN
E000394,ENTITY_000394,SG
E000395,ENTITY_000395,NL
E000396,ENTITY_000396,IT
E000397,ENTITY_000397,AE
E000398,ENTITY_000398,SE
E000399,ENTITY_000399,TR
E000400,ENTITY_000400,GB
E000401,ENTITY_000401,CA
E000402,ENTITY_000402,TR
E000403,ENTITY_000403,CN
E000404,ENTITY_000404,ES
E000405,ENTITY_000405,FR
E000406,ENTITY_000406,CN
E000407,ENTITY_000407,SG
E000408,ENTITY_000408,BR
E000409,ENTITY_000409,FR
E000410,ENTITY_000410,SE
E000411,ENTITY_000411,KR
E000412,ENTITY_000412,MX
E000413,ENTITY_000413,IN
E000414,ENTITY_000414,BR
E000415,ENTITY_000415,BR
E000416,ENTITY_000416,TR
E000417,ENTITY_000417,CA
E000418,ENTITY_000418,IT
E000419,ENTITY_000419,US
E000420,ENTITY_000420,TR
E000421,ENTITY_000421,US
E000422,ENTITY_000422,JP
E000423,ENTITY_000423,CA
E000424,ENTITY_000424,ES
E000425,ENTITY_000425,ES
E000426,ENTITY_000426,ES
E000427,ENTITY_000427,SE
E000428,ENTITY_000428,GB
E000429,ENTITY_000429,US
E000430,ENTITY_000430,CN
E000431,ENTITY_000431,VN
E000432,ENTITY_000432,AE
E000433,ENTITY_000433,TR
E000434,ENTITY_000434,SE
E000435,ENTITY_000435,NL
E000436,ENTITY_000436,BR
E000437,ENTITY_000437,BR
E000438,ENTITY_000438,ES
E000439,ENTITY_000439,KR
E000440,ENTITY_000440,IT
E000441,ENTITY_000441,VN
E000442,ENTITY_000442,IL
E000443,ENTITY_000443,ES
E000444,ENTITY_000444,IT
E000445,ENTITY_000445,CN
E000446,ENTITY_000446,BR
E000447,ENTITY_000447,DE
E000448,ENTITY_000448,IN
E000449,ENTITY_000449,SG
E000450,ENTITY_000450,ES
E000451,ENTITY_000451,JP
E000452,ENTITY_000452,BR
E000453,ENTITY_000453,CN
E000454,ENTITY_000454,CA
E000455,ENTITY_000455,MX
E000456,ENTITY_000456,SE
E000457,ENTITY_000457,AE
E000458,ENTITY_000458,AE
E000459,ENTITY_000459,TR
E000460,ENTITY_000460,VN
E000461,ENTITY_000461,TR
E000462,ENTITY_000462,MX
E000463,ENTITY_000463,SE
E000464,ENTITY_000464,MX
E000465,ENTITY_000465,DE
E000466,ENTITY_000466,IL
E000467,ENTITY_000467,BR
E000468,ENTITY_000468,GB
E000469,ENTITY_000469,KR
E000470,ENTITY_000470,US
E000471,ENTITY_000471,SE
E000472,ENTITY_000472,AE
E000473,ENTITY_000473,TR
E000474,ENTITY_000474,BR
E000475,ENTITY_000475,SE
E000476,ENTITY_000476,IT
E000477,ENTITY_000477,DE
E000478,ENTITY_000478,ES
E000479,ENTITY_000479,KR
E000480,ENTITY_000480,BR
E000481,ENTITY_000481,VN
E000482,ENTITY_000482,CA
E000483,ENTITY_000483,TR
E000484,ENTITY_000484,MX
E000485,ENTITY_000485,TR
E000486,ENTITY_000486,SE
E000487,ENTITY_000487,TR
E000488,ENTITY_000488,JP
E000489,ENTITY_000489,ES
E000490,ENTITY_000490,DE
E000491,ENTITY_000491,AE
E000492,ENTITY_000492,IN
E000493,ENTITY_000493,SE
E000494,ENTITY_000494,ES
E000495,ENTITY_000495,KR
E000496,ENTITY_000496,IL
E000497,ENTITY_000497,US
E000498,ENTITY_000498,VN
E000499,ENTITY_000499,FR
E000500,ENTITY_000500,US
E000501,ENTITY_000501,BR
E000502,ENTITY_000502,BR
E000503,ENTITY_000503,FR
E000504,ENTITY_000504,AE
E000505,ENTITY_000505,JP
E000506,ENTITY_000506,GB
E000507,ENTITY_000507,ES
E000508,ENTITY_000508,SG
E000509,ENTITY_000509,SE
E000510,ENTITY_000510,US
E000511,ENTITY_000511,SE
E000512,ENTITY_000512,IT
E000513,ENTITY_000513,VN
E000514,ENTITY_000514,IT
E000515,ENTITY_000515,SG
E000516,ENTITY_000516,FR
E000517,ENTITY_000517,VN
E000518,ENTITY_000518,AE
E000519,ENTITY_000519,IT
E000520,ENTITY_000520,BR
E000521,ENTITY_000521,JP
E000522,ENTITY_000522,GB
E000523,ENTITY_000523,TR
E000524,ENTITY_000524,BR
E000525,ENTITY_000525,VN
E000526,ENTITY_000526,AE
E000527,ENTITY_000527,IL
E000528,ENTITY_000528,CN
E000529,ENTITY_000529,MX
E000530,ENTITY_000530,DE
E000531,ENTITY_000531,VN
E000532,ENTITY_000532,KR
E000533,ENTITY_000533,IN
E000534,ENTITY_000534,BR
E000535,ENTITY_000535,JP
E000536,ENTITY_000536,ES
E000537,ENTITY_000537,BR
E000538,ENTITY_000538,BR
E000539,ENTITY_000539,ES
E000540,ENTITY_000540,MX
E000541,ENTITY_000541,SE
E000542,ENTITY_000542,ES
E000543,ENTITY_000543,FR
E000544,ENTITY_000544,DE
E000545,ENTITY_000545,SE
E000546,ENTITY_000546,NL
E000547,ENTITY_000547,BR
E000548,ENTITY_000548,IT
E000549,ENTITY_000549,NL
E000550,ENTITY_000550,SG
E000551,ENTITY_000551,SG
E000552,ENTITY_000552,KR
E000553,ENTITY_000553,VN
E000554,ENTITY_000554,JP
E000555,ENTITY_000555,GB
E000556,ENTITY_000556,VN
E000557,ENTITY_000557,IT
E000558,ENTITY_000558,KR
E000559,ENTITY_000559,BR
E000560,ENTITY_000560,JP
E000561,ENTITY_000561,IL
E000562,ENTITY_000562,FR
E000563,ENTITY_000563,NL
E000564,ENTITY_000564,KR
E000565,ENTITY_000565,US
E000566,ENTITY_000566,TR
E000567,ENTITY_000567,IL
E000568,ENTITY_000568,GB
E000569,ENTITY_000569,AE
E000570,ENTITY_000570,CN
E000571,ENTITY_000571,FR
E000572,ENTITY_000572,TR
E000573,ENTITY_000573,NL
E000574,ENTITY_000574,VN
E000575,ENTITY_000575,BR
E000576,ENTITY_000576,FR
E000577,ENTITY_000577,CN
E000578,ENTITY_000578,IL
E000579,ENTITY_000579,IN
E000580,ENTITY_000580,GB
E000581,ENTITY_000581,SE
E000582,ENTITY_000582,DE
E000583,ENTITY_000583,KR
E000584,ENTITY_000584,IT
E000585,ENTITY_000585,IT
E000586,ENTITY_000586,ES
E000587,ENTITY_000587,VN
E000588,ENTITY_000588,SG
E000589,ENTITY_000589,TR
E000590,ENTITY_000590,CN
E000591,ENTITY_000591,DE
E000592,ENTITY_000592,MX
E000593,ENTITY_000593,DE
E000594,ENTITY_000594,US
E000595,ENTITY_000595,BR
E000596,ENTITY_000596,US
E000597,ENTITY_000597,CN
E000598,ENTITY_000598,BR
E000599,ENTITY_000599,IT
E000600,ENTITY_000600,FR
E000601,ENTITY_000601,IN
E000602,ENTITY_000602,MX
E000603,ENTITY_000603,SG
E000604,ENTITY_000604,GB
E000605,ENTITY_000605,BR
E000606,ENTITY_000606,CN
E000607,ENTITY_000607,IT
E000608,ENTITY_000608,VN
E000609,ENTITY_000609,MX
E000610,ENTITY_000610,NL
E000611,ENTITY_000611,IT
E000612,ENTITY_000612,JP
E000613,ENTITY_000613,TR
E000614,ENTITY_000614,JP
E000615,ENTITY_000615,JP
E000616,ENTITY_000616,KR
E000617,ENTITY_000617,CN
E000618,ENTITY_000618,SG
E000619,ENTITY_000619,BR
E000620,ENTITY_000620,IN
E000621,ENTITY_000621,JP
E000622,ENTITY_000622,CN
E000623,ENTITY_000623,US
E000624,ENTITY_000624,IL
E000625,ENTITY_000625,CN
E000626,ENTITY_000626,IN
E000627,ENTITY_000627,IN
E000628,ENTITY_000628,KR
E000629,ENTITY_000629,VN
E000630,ENTITY_000630,VN
E000631,ENTITY_000631,SG
E000632,ENTITY_000632,DE
E000633,ENTITY_000633,VN
E000634,ENTITY_000634,VN
E000635,ENTITY_000635,SE
E000636,ENTITY_000636,MX
E000637,ENTITY_000637,FR
E000638,ENTITY_000638,GB
E000639,ENTITY_000639,DE
E000640,ENTITY_000640,MX
E000641,ENTITY_000641,CN
E000642,ENTITY_000642,CA
E000643,ENTITY_000643,KR
E000644,ENTITY_000644,TR
E000645,ENTITY_000645,ES
E000646,ENTITY_000646,CN
E000647,ENTITY_000647,NL
E000648,ENTITY_000648,FR
E000649,ENTITY_000649,IT
E000650,ENTITY_000650,BR
E000651,ENTITY_000651,TR
E000652,ENTITY_000652,CA
E000653,ENTITY_000653,JP
E000654,ENTITY_000654,GB
E000655,ENTITY_000655,IT
E000656,ENTITY_000656,TR
E000657,ENTITY_000657,IT
E000658,ENTITY_000658,FR
E000659,ENTITY_000659,DE
E000660,ENTITY_000660,CN
E000661,ENTITY_000661,ES
E000662,ENTITY_000662,CA
E000663,ENTITY_000663,KR
E000664,ENTITY_000664,BR
E000665,ENTITY_000665,AE
E000666,ENTITY_000666,NL
E000667,ENTITY_000667,VN
E000668,ENTITY_000668,SG
E000669,ENTITY_000669,IT
E000670,ENTITY_000670,DE
E000671,ENTITY_000671,IL
E000672,ENTITY_000672,BR
E000673,ENTITY_000673,CA
E000674,ENTITY_000674,IN
E000675,ENTITY_000675,IT
E000676,ENTITY_000676,CN
E000677,ENTITY_000677,US
E000678,ENTITY_000678,IL
E000679,ENTITY_000679,VN
E000680,ENTITY_000680,TR
E000681,ENTITY_000681,SG
E000682,ENTITY_000682,KR
E000683,ENTITY_000683,ES
E000684,ENTITY_000684,VN
E000685,ENTITY_000685,ES
E000686,ENTITY_000686,KR
E000687,ENTITY_000687,GB
E000688,ENTITY_000688,MX
E000689,ENTITY_000689,MX
E000690,ENTITY_000690,IN
E000691,ENTITY_000691,KR
E000692,ENTITY_000692,ES
E000693,ENTITY_000693,SE
E000694,ENTITY_000694,IT
E000695,ENTITY_000695,NL
E000696,ENTITY_000696,IT
E000697,ENTITY_000697,CN
E000698,ENTITY_000698,FR
E000699,ENTITY_000699,ES
E000700,ENTITY_000700,IL
E000701,ENTITY_000701,US
E000702,ENTITY_000702,IL
E000703,ENTITY_000703,NL
E000704,ENTITY_000704,SE
E000705,ENTITY_000705,KR
E000706,ENTITY_000706,IL
E000707,ENTITY_000707,TR
E000708,ENTITY_000708,DE
E000709,ENTITY_000709,MX
E000710,ENTITY_000710,FR
E000711,ENTITY_000711,VN
E000712,ENTITY_000712,IL
E000713,ENTITY_000713,IT
E000714,ENTITY_000714,TR
E000715,ENTITY_000715,DE
E000716,ENTITY_000716,AE
E000717,ENTITY_000717,SE
E000718,ENTITY_000718,NL
E000719,ENTITY_000719,US
E000720,ENTITY_000720,JP
E000721,ENTITY_000721,VN
E000722,ENTITY_000722,FR
E000723,ENTITY_000723,JP
E000724,ENTITY_000724,AE
E000725,ENTITY_000725,CN
E000726,ENTITY_000726,JP
E000727,ENTITY_000727,CA
E000728,ENTITY_000728,MX
E000729,ENTITY_000729,JP
E000730,ENTITY_000730,US
E000731,ENTITY_000731,TR
E000732,ENTITY_000732,VN
E000733,ENTITY_000733,VN
E000734,ENTITY_000734,MX
E000735,ENTITY_000735,AE
E000736,ENTITY_000736,IL
E000737,ENTITY_000737,NL
E000738,ENTITY_000738,FR
E000739,ENTITY_000739,CA
E000740,ENTITY_000740,SE
E000741,ENTITY_000741,SE
E000742,ENTITY_000742,NL
E000743,ENTITY_000743,VN
E000744,ENTITY_000744,MX
E000745,ENTITY_000745,IN
E000746,ENTITY_000746,CA
E000747,ENTITY_000747,US
E000748,ENTITY_000748,GB
E000749,ENTITY_000749,VN
E000750,ENTITY_000750,IL
E000751,ENTITY_000751,TR
E000752,ENTITY_000752,IL
E000753,ENTITY_000753,VN
E000754,ENTITY_000754,SG
E000755,ENTITY_000755,AE
E000756,ENTITY_000756,AE
E000757,ENTITY_000757,IL
E000758,ENTITY_000758,IN
E000759,ENTITY_000759,KR
E000760,ENTITY_000760,DE
E000761,ENTITY_000761,BR
E000762,ENTITY_000762,JP
E000763,ENTITY_000763,TR
E000764,ENTITY_000764,IN
E000765,ENTITY_000765,US
E000766,ENTITY_000766,SE
E000767,ENTITY_000767,BR
E000768,ENTITY_000768,US
E000769,ENTITY_000769,CN
E000770,ENTITY_000770,SG
E000771,ENTITY_000771,CA
E000772,ENTITY_000772,IN
E000773,ENTITY_000773,BR
E000774,ENTITY_000774,TR
E000775,ENTITY_000775,IL
E000776,ENTITY_000776,IT
E000777,ENTITY_000777,DE
E000778,ENTITY_000778,BR
E000779,ENTITY_000779,IN
E000780,ENTITY_000780,ES
E000781,ENTITY_000781,FR
E000782,ENTITY_000782,FR
E000783,ENTITY_000783,CA
E000784,ENTITY_000784,CA
E000785,ENTITY_000785,NL
E000786,ENTITY_000786,FR
E000787,ENTITY_000787,TR
E000788,ENTITY_000788,SE
E000789,ENTITY_000789,NL
E000790,ENTITY_000790,IL
E000791,ENTITY_000791,AE
E000792,ENTITY_000792,GB
E000793,ENTITY_000793,AE
E000794,ENTITY_000794,TR
E000795,ENTITY_000795,IL
E000796,ENTITY_000796,CA
E000797,ENTITY_000797,AE
E000798,ENTITY_000798,VN
E000799,ENTITY_000799,MX
E000800,ENTITY_000800,MX
E000801,ENTITY_000801,CA
E000802,ENTITY_000802,JP
E000803,ENTITY_000803,TR
E000804,ENTITY_000804,KR
E000805,ENTITY_000805,AE
E000806,ENTITY_000806,JP
E000807,ENTITY_000807,VN
E000808,ENTITY_000808,IL
E000809,ENTITY_000809,IL
E000810,ENTITY_000810,GB
E000811,ENTITY_000811,AE
E000812,ENTITY_000812,NL
E000813,ENTITY_000813,FR
E000814,ENTITY_000814,BR
E000815,ENTITY_000815,CN
E000816,ENTITY_000816,IL
E000817,ENTITY_000817,CN
E000818,ENTITY_000818,DE
E000819,ENTITY_000819,IT
E000820,ENTITY_000820,TR
E000821,ENTITY_000821,KR
E000822,ENTITY_000822,VN
E000823,ENTITY_000823,NL
E000824,ENTITY_000824,SE
E000825,ENTITY_000825,CN
E000826,ENTITY_000826,SG
E000827,ENTITY_000827,CA
E000828,ENTITY_000828,DE
E000829,ENTITY_000829,CA
E000830,ENTITY_000830,DE
E000831,ENTITY_000831,IL
E000832,ENTITY_000832,NL
E000833,ENTITY_000833,AE
E000834,ENTITY_000834,IN
E000835,ENTITY_000835,IT
E000836,ENTITY_000836,SE
E000837,ENTITY_000837,IN
E000838,ENTITY_000838,KR
E000839,ENTITY_000839,US
E000840,ENTITY_000840,FR
E000841,ENTITY_000841,CN
E000842,ENTITY_000842,KR
E000843,ENTITY_000843,SG
E000844,ENTITY_000844,DE
E000845,ENTITY_000845,SG
E000846,ENTITY_000846,IL
E000847,ENTITY_000847,ES
E000848,ENTITY_000848,KR
E000849,ENTITY_000849,NL
E000850,ENTITY_000850,KR
E000851,ENTITY_000851,US
E000852,ENTITY_000852,FR
E000853,ENTITY_000853,TR
E000854,ENTITY_000854,SG
E000855,ENTITY_000855,GB
E000856,ENTITY_000856,SG
E000857,ENTITY_000857,AE
E000858,ENTITY_000858,VN
E000859,ENTITY_000859,ES
E000860,ENTITY_000860,FR
E000861,ENTITY_000861,FR
E000862,ENTITY_000862,NL
E000863,ENTITY_000863,MX
E000864,ENTITY_000864,IN
E000865,ENTITY_000865,IN
E000866,ENTITY_000866,NL
E000867,ENTITY_000867,IN
E000868,ENTITY_000868,DE
E000869,ENTITY_000869,IN
E000870,ENTITY_000870,IT
E000871,ENTITY_000871,SG
E000872,ENTITY_000872,CN
E000873,ENTITY_000873,ES
E000874,ENTITY_000874,BR
E000875,ENTITY_000875,NL
E000876,ENTITY_000876,DE
E000877,ENTITY_000877,FR
E000878,ENTITY_000878,MX
E000879,ENTITY_000879,TR
E000880,ENTITY_000880,NL
E000881,ENTITY_000881,KR
E000882,ENTITY_000882,NL
E000883,ENTITY_000883,BR
E000884,ENTITY_000884,JP
E000885,ENTITY_000885,IT
E000886,ENTITY_000886,IT
E000887,ENTITY_000887,KR
E000888,ENTITY_000888,TR
E000889,ENTITY_000889,VN
E000890,ENTITY_000890,FR
E000891,ENTITY_000891,US
E000892,ENTITY_000892,IN
E000893,ENTITY_000893,IL
E000894,ENTITY_000894,FR
E000895,ENTITY_000895,SG
E000896,ENTITY_000896,CA
E000897,ENTITY_000897,JP
E000898,ENTITY_000898,SE
E000899,ENTITY_000899,CN
E000900,ENTITY_000900,BR
E000901,ENTITY_000901,AE
E000902,ENTITY_000902,SE
E000903,ENTITY_000903,VN
E000904,ENTITY_000904,MX
E000905,ENTITY_000905,DE
E000906,ENTITY_000906,MX
E000907,ENTITY_000907,BR
E000908,ENTITY_000908,TR
E000909,ENTITY_000909,ES
E000910,ENTITY_000910,NL
E000911,ENTITY_000911,US
E000912,ENTITY_000912,AE
E000913,ENTITY_000913,NL
E000914,ENTITY_000914,NL
E000915,ENTITY_000915,AE
E000916,ENTITY_000916,JP
E000917,ENTITY_000917,KR
E000918,ENTITY_000918,DE
E000919,ENTITY_000919,IL
E000920,ENTITY_000920,IL
E000921,ENTITY_000921,US
E000922,ENTITY_000922,CN
E000923,ENTITY_000923,AE
E000924,ENTITY_000924,US
E000925,ENTITY_000925,SE
E000926,ENTITY_000926,NL
E000927,ENTITY_000927,IL
E000928,ENTITY_000928,DE
E000929,ENTITY_000929,KR
E000930,ENTITY_000930,DE
E000931,ENTITY_000931,VN
E000932,ENTITY_000932,TR
E000933,ENTITY_000933,GB
E000934,ENTITY_000934,NL
E000935,ENTITY_000935,NL
E000936,ENTITY_000936,VN
E000937,ENTITY_000937,DE
E000938,ENTITY_000938,GB
E000939,ENTITY_000939,KR
E000940,ENTITY_000940,KR
E000941,ENTITY_000941,DE
E000942,ENTITY_000942,CA
E000943,ENTITY_000943,FR
E000944,ENTITY_000944,JP
E000945,ENTITY_000945,SG
E000946,ENTITY_000946,IN
E000947,ENTITY_000947,KR
E000948,ENTITY_000948,IT
E000949,ENTITY_000949,CA
E000950,ENTITY_000950,US
E000951,ENTITY_000951,ES
E000952,ENTITY_000952,TR
E000953,ENTITY_000953,FR
E000954,ENTITY_000954,KR
E000955,ENTITY_000955,CN
E000956,ENTITY_000956,JP
E000957,ENTITY_000957,IT
E000958,ENTITY_000958,BR
E000959,ENTITY_000959,MX
E000960,ENTITY_000960,SE
E000961,ENTITY_000961,KR
E000962,ENTITY_000962,IL
E000963,ENTITY_000963,KR
E000964,ENTITY_000964,GB
E000965,ENTITY_000965,KR
E000966,ENTITY_000966,CA
E000967,ENTITY_000967,IL
E000968,ENTITY_000968,ES
E000969,ENTITY_000969,IL
E000970,ENTITY_000970,FR
E000971,ENTITY_000971,GB
E000972,ENTITY_000972,ES
E000973,ENTITY_000973,NL
E000974,ENTITY_000974,IL
E000975,ENTITY_000975,BR
E000976,ENTITY_000976,JP
E000977,ENTITY_000977,AE
E000978,ENTITY_000978,SE
E000979,ENTITY_000979,TR
E000980,ENTITY_000980,TR
E000981,ENTITY_000981,DE
E000982,ENTITY_000982,JP
E000983,ENTITY_000983,TR
E000984,ENTITY_000984,VN
E000985,ENTITY_000985,DE
E000986,ENTITY_000986,GB
E000987,ENTITY_000987,CN
E000988,ENTITY_000988,KR
E000989,ENTITY_000989,TR
E000990,ENTITY_000990,ES
E000991,ENTITY_000991,DE
E000992,ENTITY_000992,IT
E000993,ENTITY_000993,IN
E000994,ENTITY_000994,FR
E000995,ENTITY_000995,JP
E000996,ENTITY_000996,DE
E000997,ENTITY_000997,NL
E000998,ENTITY_000998,BR
E000999,ENTITY_000999,FR
E001000,ENTITY_001000,IN
E001001,ENTITY_001001,IL
E001002,ENTITY_001002,BR
E001003,ENTITY_001003,IL
E001004,ENTITY_001004,SE
E001005,ENTITY_001005,IN
E001006,ENTITY_001006,JP
E001007,ENTITY_001007,IN
E001008,ENTITY_001008,IL
E001009,ENTITY_001009,FR
E001010,ENTITY_001010,ES
E001011,ENTITY_001011,SG
E001012,ENTITY_001012,US
E001013,ENTITY_001013,GB
E001014,ENTITY_001014,JP
E001015,ENTITY_001015,NL
E001016,ENTITY_001016,SE
E001017,ENTITY_001017,SG
E001018,ENTITY_001018,IL
E001019,ENTITY_001019,GB
E001020,ENTITY_001020,IL
E001021,ENTITY_001021,VN
E001022,ENTITY_001022,IT
E001023,ENTITY_001023,CA
E001024,ENTITY_001024,JP
E001025,ENTITY_001025,IN
E001026,ENTITY_001026,JP
E001027,ENTITY_001027,JP
E001028,ENTITY_001028,BR
E001029,ENTITY_001029,IL
E001030,ENTITY_001030,TR
E001031,ENTITY_001031,GB
E001032,ENTITY_001032,JP
E001033,ENTITY_001033,TR
E001034,ENTITY_001034,BR
E001035,ENTITY_001035,AE
E001036,ENTITY_001036,NL
E001037,ENTITY_001037,CA
E001038,ENTITY_001038,FR
E001039,ENTITY_001039,IN
E001040,ENTITY_001040,SG
E001041,ENTITY_001041,GB
E001042,ENTITY_001042,CA
E001043,ENTITY_001043,SG
E001044,ENTITY_001044,ES
E001045,ENTITY_001045,MX
E001046,ENTITY_001046,SG
E001047,ENTITY_001047,MX
E001048,ENTITY_001048,IN
E001049,ENTITY_001049,IN
E001050,ENTITY_001050,CN
E001051,ENTITY_001051,VN
E001052,ENTITY_001052,KR
E001053,ENTITY_001053,US
E001054,ENTITY_001054,KR
E001055,ENTITY_001055,AE
E001056,ENTITY_001056,FR
E001057,ENTITY_001057,VN
E001058,ENTITY_001058,KR
E001059,ENTITY_001059,SG
E001060,ENTITY_001060,NL
E001061,ENTITY_001061,SE
E001062,ENTITY_001062,SG
E001063,ENTITY_001063,IT
E001064,ENTITY_001064,IL
E001065,ENTITY_001065,FR
E001066,ENTITY_001066,CA
E001067,ENTITY_001067,IN
E001068,ENTITY_001068,GB
E001069,ENTITY_001069,IT
E001070,ENTITY_001070,FR
E001071,ENTITY_001071,NL
E001072,ENTITY_001072,FR
E001073,ENTITY_001073,MX
E001074,ENTITY_001074,IL
E001075,ENTITY_001075,DE
E001076,ENTITY_001076,ES
E001077,ENTITY_001077,IT
E001078,ENTITY_001078,IT
E001079,ENTITY_001079,IL
E001080,ENTITY_001080,IL
E001081,ENTITY_001081,IL
E001082,ENTITY_001082,FR
E001083,ENTITY_001083,VN
E001084,ENTITY_001084,AE
E001085,ENTITY_001085,ES
E001086,ENTITY_001086,SG
E001087,ENTITY_001087,DE
E001088,ENTITY_001088,KR
E001089,ENTITY_001089,US
E001090,ENTITY_001090,TR
E001091,ENTITY_001091,DE
E001092,ENTITY_001092,KR
E001093,ENTITY_001093,CN
E001094,ENTITY_001094,FR
E001095,ENTITY_001095,DE
E001096,ENTITY_001096,SE
E001097,ENTITY_001097,IT
E001098,ENTITY_001098,IN
E001099,ENTITY_001099,FR
E001100,ENTITY_001100,CA
E001101,ENTITY_001101,TR
E001102,ENTITY_001102,IL
E001103,ENTITY_001103,SG
E001104,ENTITY_001104,SE
E001105,ENTITY_001105,FR
E001106,ENTITY_001106,IN
E001107,ENTITY_001107,SG
E001108,ENTITY_001108,IL
E001109,ENTITY_001109,CN
E001110,ENTITY_001110,IN
E001111,ENTITY_001111,IT
E001112,ENTITY_001112,BR
E001113,ENTITY_001113,KR
E001114,ENTITY_001114,IN
E001115,ENTITY_001115,AE
E001116,ENTITY_001116,JP
E001117,ENTITY_001117,SE
E001118,ENTITY_001118,BR
E001119,ENTITY_001119,AE
E001120,ENTITY_001120,AE
E001121,ENTITY_001121,JP
E001122,ENTITY_001122,FR
E001123,ENTITY_001123,IN
E001124,ENTITY_001124,IT
E001125,ENTITY_001125,US
E001126,ENTITY_001126,DE
E001127,ENTITY_001127,MX
E001128,ENTITY_001128,US
E001129,ENTITY_001129,SE
E001130,ENTITY_001130,AE
E001131,ENTITY_001131,CN
E001132,ENTITY_001132,MX
E001133,ENTITY_001133,US
E001134,ENTITY_001134,AE
E001135,ENTITY_001135,JP
E001136,ENTITY_001136,AE
E001137,ENTITY_001137,SG
E001138,ENTITY_001138,BR
E001139,ENTITY_001139,DE
E001140,ENTITY_001140,DE
E001141,ENTITY_001141,SG
E001142,ENTITY_001142,KR
E001143,ENTITY_001143,KR
E001144,ENTITY_001144,KR
E001145,ENTITY_001145,AE
E001146,ENTITY_001146,JP
E001147,ENTITY_001147,AE
E001148,ENTITY_001148,SE
E001149,ENTITY_001149,IN
E001150,ENTITY_001150,IN
E001151,ENTITY_001151,SE
E001152,ENTITY_001152,JP
E001153,ENTITY_001153,US
E001154,ENTITY_001154,JP
E001155,ENTITY_001155,SG
E001156,ENTITY_001156,BR
E001157,ENTITY_001157,NL
E001158,ENTITY_001158,US
E001159,ENTITY_001159,BR
E001160,ENTITY_001160,IL
E001161,ENTITY_001161,BR
E001162,ENTITY_001162,AE
E001163,ENTITY_001163,IL
E001164,ENTITY_001164,VN
E001165,ENTITY_001165,BR
E001166,ENTITY_001166,ES
E001167,ENTITY_001167,AE
E001168,ENTITY_001168,SE
E001169,ENTITY_001169,CA
E001170,ENTITY_001170,ES
E001171,ENTITY_001171,IN
E001172,ENTITY_001172,CN
E001173,ENTITY_001173,ES
E001174,ENTITY_001174,IT
E001175,ENTITY_001175,IL
E001176,ENTITY_001176,IT
E001177,ENTITY_001177,ES
E001178,ENTITY_001178,TR
E001179,ENTITY_001179,IL
E001180,ENTITY_001180,IL
E001181,ENTITY_001181,VN
E001182,ENTITY_001182,IL
E001183,ENTITY_001183,US
E001184,ENTITY_001184,DE
E001185,ENTITY_001185,VN
E001186,ENTITY_001186,MX
E001187,ENTITY_001187,BR
E001188,ENTITY_001188,IN
E001189,ENTITY_001189,AE
E001190,ENTITY_001190,NL
E001191,ENTITY_001191,GB
E001192,ENTITY_001192,AE
E001193,ENTITY_001193,IL
E001194,ENTITY_001194,MX
E001195,ENTITY_001195,CN
E001196,ENTITY_001196,CN
E001197,ENTITY_001197,FR
E001198,ENTITY_001198,JP
E001199,ENTITY_001199,GB
E001200,ENTITY_001200,IN
E001201,ENTITY_001201,SG
E001202,ENTITY_001202,AE
E001203,ENTITY_001203,SE
E001204,ENTITY_001204,DE
E001205,ENTITY_001205,MX
E001206,ENTITY_001206,DE
E001207,ENTITY_001207,SG
E001208,ENTITY_001208,TR
E001209,ENTITY_001209,MX
E001210,ENTITY_001210,KR
E001211,ENTITY_001211,NL
E001212,ENTITY_001212,VN
E001213,ENTITY_001213,MX
E001214,ENTITY_001214,JP
E001215,ENTITY_001215,FR
E001216,ENTITY_001216,KR
E001217,ENTITY_001217,ES
E001218,ENTITY_001218,TR
E001219,ENTITY_001219,KR
E001220,ENTITY_001220,AE
E001221,ENTITY_001221,SE
E001222,ENTITY_001222,MX
E001223,ENTITY_001223,NL
E001224,ENTITY_001224,SE
E001225,ENTITY_001225,MX
E001226,ENTITY_001226,CN
E001227,ENTITY_001227,ES
E001228,ENTITY_001228,NL
E001229,ENTITY_001229,KR
E001230,ENTITY_001230,MX
E001231,ENTITY_001231,DE
E001232,ENTITY_001232,ES
E001233,ENTITY_001233,DE
E001234,ENTITY_001234,IT
E001235,ENTITY_001235,DE
E001236,ENTITY_001236,NL
E001237,ENTITY_001237,SG
E001238,ENTITY_001238,US
E001239,ENTITY_001239,SG
E001240,ENTITY_001240,IN
E001241,ENTITY_001241,IL
E001242,ENTITY_001242,IT
E001243,ENTITY_001243,SG
E001244,ENTITY_001244,ES
E001245,ENTITY_001245,FR
E001246,ENTITY_001246,SG
E001247,ENTITY_001247,BR
E001248,ENTITY_001248,BR
E001249,ENTITY_001249,BR
E001250,ENTITY_001250,CN
E001251,ENTITY_001251,NL
E001252,ENTITY_001252,IT
E001253,ENTITY_001253,SE
E001254,ENTITY_001254,IN
E001255,ENTITY_001255,TR
E001256,ENTITY_001256,CA
E001257,ENTITY_001257,IL
E001258,ENTITY_001258,MX
E001259,ENTITY_001259,AE
E001260,ENTITY_001260,SG
E001261,ENTITY_001261,CA
E001262,ENTITY_001262,NL
E001263,ENTITY_001263,NL
E001264,ENTITY_001264,JP
E001265,ENTITY_001265,DE
E001266,ENTITY_001266,DE
E001267,ENTITY_001267,VN
E001268,ENTITY_001268,ES
E001269,ENTITY_001269,IT
E001270,ENTITY_001270,DE
E001271,ENTITY_001271,GB
E001272,ENTITY_001272,CN
E001273,ENTITY_001273,CA
E001274,ENTITY_001274,CN
E001275,ENTITY_001275,ES
E001276,ENTITY_001276,JP
E001277,ENTITY_001277,IN
E001278,ENTITY_001278,ES
E001279,ENTITY_001279,KR
E001280,ENTITY_001280,SG
E001281,ENTITY_001281,FR
E001282,ENTITY_001282,IL
E001283,ENTITY_001283,IT
E001284,ENTITY_001284,IL
E001285,ENTITY_001285,BR
E001286,ENTITY_001286,KR
E001287,ENTITY_001287,TR
E001288,ENTITY_001288,CA
E001289,ENTITY_001289,TR
E001290,ENTITY_001290,GB
E001291,ENTITY_001291,FR
E001292,ENTITY_001292,BR
E001293,ENTITY_001293,SG
E001294,ENTITY_001294,IN
E001295,ENTITY_001295,SE
E001296,ENTITY_001296,NL
E001297,ENTITY_001297,US
E001298,ENTITY_001298,DE
E001299,ENTITY_001299,CA
E001300,ENTITY_001300,FR
E001301,ENTITY_001301,TR
E001302,ENTITY_001302,ES
E001303,ENTITY_001303,DE
E001304,ENTITY_001304,SE
E001305,ENTITY_001305,US
E001306,ENTITY_001306,CA
E001307,ENTITY_001307,BR
E001308,ENTITY_001308,GB
E001309,ENTITY_001309,US
E001310,ENTITY_001310,SG
E001311,ENTITY_001311,IN
E001312,ENTITY_001312,FR
E001313,ENTITY_001313,MX
E001314,ENTITY_001314,US
E001315,ENTITY_001315,US
E001316,ENTITY_001316,TR
E001317,ENTITY_001317,DE
E001318,ENTITY_001318,IN
E001319,ENTITY_001319,VN
E001320,ENTITY_001320,TR
E001321,ENTITY_001321,CA
E001322,ENTITY_001322,IN
E001323,ENTITY_001323,DE
E001324,ENTITY_001324,VN
E001325,ENTITY_001325,BR
E001326,ENTITY_001326,FR
E001327,ENTITY_001327,SG
E001328,ENTITY_001328,MX
E001329,ENTITY_001329,FR
E001330,ENTITY_001330,KR
E001331,ENTITY_001331,NL
E001332,ENTITY_001332,SE
E001333,ENTITY_001333,IN
E001334,ENTITY_001334,MX
E001335,ENTITY_001335,SE
E001336,ENTITY_001336,DE
E001337,ENTITY_001337,BR
E001338,ENTITY_001338,US
E001339,ENTITY_001339,NL
E001340,ENTITY_001340,IT
E001341,ENTITY_001341,CA
E001342,ENTITY_001342,IT
E001343,ENTITY_001343,US
E001344,ENTITY_001344,SE
E001345,ENTITY_001345,DE
E001346,ENTITY_001346,IL
E001347,ENTITY_001347,US
E001348,ENTITY_001348,ES
E001349,ENTITY_001349,CN
E001350,ENTITY_001350,MX
E001351,ENTITY_001351,KR
E001352,ENTITY_001352,AE
E001353,ENTITY_001353,CN
E001354,ENTITY_001354,SE
E001355,ENTITY_001355,DE
E001356,ENTITY_001356,CA
E001357,ENTITY_001357,BR
E001358,ENTITY_001358,VN
E001359,ENTITY_001359,CN
E001360,ENTITY_001360,TR
E001361,ENTITY_001361,NL
E001362,ENTITY_001362,CA
E001363,ENTITY_001363,US
E001364,ENTITY_001364,FR
E001365,ENTITY_001365,IN
E001366,ENTITY_001366,JP
E001367,ENTITY_001367,DE
E001368,ENTITY_001368,KR
E001369,ENTITY_001369,KR
E001370,ENTITY_001370,IN
E001371,ENTITY_001371,VN
E001372,ENTITY_001372,SG
E001373,ENTITY_001373,FR
E001374,ENTITY_001374,CN
E001375,ENTITY_001375,SE
E001376,ENTITY_001376,KR
E001377,ENTITY_001377,KR
E001378,ENTITY_001378,FR
E001379,ENTITY_001379,CN
E001380,ENTITY_001380,GB
E001381,ENTITY_001381,SE
E001382,ENTITY_001382,MX
E001383,ENTITY_001383,IN
E001384,ENTITY_001384,CA
E001385,ENTITY_001385,US
E001386,ENTITY_001386,VN
E001387,ENTITY_001387,IN
E001388,ENTITY_001388,AE
E001389,ENTITY_001389,NL
E001390,ENTITY_001390,IL
E001391,ENTITY_001391,SE
E001392,ENTITY_001392,IL
E001393,ENTITY_001393,ES
E001394,ENTITY_001394,FR
E001395,ENTITY_001395,SE
E001396,ENTITY_001396,JP
E001397,ENTITY_001397,GB
E001398,ENTITY_001398,SG
E001399,ENTITY_001399,AE
E001400,ENTITY_001400,IN
E001401,ENTITY_001401,MX
E001402,ENTITY_001402,US
E001403,ENTITY_001403,MX
E001404,ENTITY_001404,CA
E001405,ENTITY_001405,ES
E001406,ENTITY_001406,JP
E001407,ENTITY_001407,ES
E001408,ENTITY_001408,IT
E001409,ENTITY_001409,CN
E001410,ENTITY_001410,JP
E001411,ENTITY_001411,SE
E001412,ENTITY_001412,DE
E001413,ENTITY_001413,AE
E001414,ENTITY_001414,TR
E001415,ENTITY_001415,IT
E001416,ENTITY_001416,IT
E001417,ENTITY_001417,VN
E001418,ENTITY_001418,MX
E001419,ENTITY_001419,DE
E001420,ENTITY_001420,DE
E001421,ENTITY_001421,SG
E001422,ENTITY_001422,DE
E001423,ENTITY_001423,GB
E001424,ENTITY_001424,GB
E001425,ENTITY_001425,SG
E001426,ENTITY_001426,ES
E001427,ENTITY_001427,IT
E001428,ENTITY_001428,JP
E001429,ENTITY_001429,IN
E001430,ENTITY_001430,BR
E001431,ENTITY_001431,SE
E001432,ENTITY_001432,GB
E001433,ENTITY_001433,IN
E001434,ENTITY_001434,KR
E001435,ENTITY_001435,JP
E001436,ENTITY_001436,IN
E001437,ENTITY_001437,KR
E001438,ENTITY_001438,TR
E001439,ENTITY_001439,VN
E001440,ENTITY_001440,BR
E001441,ENTITY_001441,JP
E001442,ENTITY_001442,MX
E001443,ENTITY_001443,IL
E001444,ENTITY_001444,SE
E001445,ENTITY_001445,IN
E001446,ENTITY_001446,ES
E001447,ENTITY_001447,JP
E001448,ENTITY_001448,IN
E001449,ENTITY_001449,JP
E001450,ENTITY_001450,BR
E001451,ENTITY_001451,CN
E001452,ENTITY_001452,SG
E001453,ENTITY_001453,VN
E001454,ENTITY_001454,TR
E001455,ENTITY_001455,TR
E001456,ENTITY_001456,JP
E001457,ENTITY_001457,MX
E001458,ENTITY_001458,SE
E001459,ENTITY_001459,NL
E001460,ENTITY_001460,AE
E001461,ENTITY_001461,TR
E001462,ENTITY_001462,FR
E001463,ENTITY_001463,IT
E001464,ENTITY_001464,CN
E001465,ENTITY_001465,AE
E001466,ENTITY_001466,US
E001467,ENTITY_001467,JP
E001468,ENTITY_001468,DE
E001469,ENTITY_001469,IL
E001470,ENTITY_001470,ES
E001471,ENTITY_001471,SG
E001472,ENTITY_001472,DE
E001473,ENTITY_001473,JP
E001474,ENTITY_001474,BR
E001475,ENTITY_001475,ES
E001476,ENTITY_001476,SG
E001477,ENTITY_001477,BR
E001478,ENTITY_001478,TR
E001479,ENTITY_001479,IL
E001480,ENTITY_001480,US
E001481,ENTITY_001481,VN
E001482,ENTITY_001482,BR
E001483,ENTITY_001483,FR
E001484,ENTITY_001484,AE
E001485,ENTITY_001485,MX
E001486,ENTITY_001486,US
E001487,ENTITY_001487,CN
E001488,ENTITY_001488,GB
E001489,ENTITY_001489,SE
E001490,ENTITY_001490,ES
E001491,ENTITY_001491,SG
E001492,ENTITY_001492,VN
E001493,ENTITY_001493,KR
E001494,ENTITY_001494,IN
E001495,ENTITY_001495,US
E001496,ENTITY_001496,IT
E001497,ENTITY_001497,ES
E001498,ENTITY_001498,VN
E001499,ENTITY_001499,FR
E001500,ENTITY_001500,VN
E001501,ENTITY_001501,JP
E001502,ENTITY_001502,CA
E001503,ENTITY_001503,CA
E001504,ENTITY_001504,JP
E001505,ENTITY_001505,FR
E001506,ENTITY_001506,IT
E001507,ENTITY_001507,NL
E001508,ENTITY_001508,US
E001509,ENTITY_001509,VN
E001510,ENTITY_001510,NL
E001511,ENTITY_001511,JP
E001512,ENTITY_001512,IL
E001513,ENTITY_001513,GB
E001514,ENTITY_001514,FR
E001515,ENTITY_001515,IN
E001516,ENTITY_001516,GB
E001517,ENTITY_001517,TR
E001518,ENTITY_001518,IT
E001519,ENTITY_001519,IL
E001520,ENTITY_001520,VN
E001521,ENTITY_001521,CN
E001522,ENTITY_001522,DE
E001523,ENTITY_001523,ES
E001524,ENTITY_001524,JP
E001525,ENTITY_001525,JP
E001526,ENTITY_001526,IT
E001527,ENTITY_001527,SG
E001528,ENTITY_001528,MX
E001529,ENTITY_001529,IL
E001530,ENTITY_001530,IN
E001531,ENTITY_001531,SE
E001532,ENTITY_001532,CN
E001533,ENTITY_001533,VN
E001534,ENTITY_001534,DE
E001535,ENTITY_001535,SE
E001536,ENTITY_001536,AE
E001537,ENTITY_001537,IL
E001538,ENTITY_001538,ES
E001539,ENTITY_001539,SE
E001540,ENTITY_001540,DE
E001541,ENTITY_001541,VN
E001542,ENTITY_001542,FR
E001543,ENTITY_001543,JP
E001544,ENTITY_001544,GB
E001545,ENTITY_001545,FR
E001546,ENTITY_001546,BR
E001547,ENTITY_001547,MX
E001548,ENTITY_001548,IN
E001549,ENTITY_001549,CA
E001550,ENTITY_001550,SG
E001551,ENTITY_001551,GB
E001552,ENTITY_001552,DE
E001553,ENTITY_001553,IN
E001554,ENTITY_001554,NL
E001555,ENTITY_001555,IN
E001556,ENTITY_001556,TR
E001557,ENTITY_001557,MX
E001558,ENTITY_001558,SE
E001559,ENTITY_001559,KR
E001560,ENTITY_001560,BR
E001561,ENTITY_001561,AE
E001562,ENTITY_001562,IL
E001563,ENTITY_001563,MX
E001564,ENTITY_001564,GB
E001565,ENTITY_001565,IT
E001566,ENTITY_001566,US
E001567,ENTITY_001567,KR
E001568,ENTITY_001568,DE
E001569,ENTITY_001569,CN
E001570,ENTITY_001570,NL
E001571,ENTITY_001571,IT
E001572,ENTITY_001572,TR
E001573,ENTITY_001573,IN
E001574,ENTITY_001574,SE
E001575,ENTITY_001575,KR
E001576,ENTITY_001576,JP
E001577,ENTITY_001577,GB
E001578,ENTITY_001578,CN
E001579,ENTITY_001579,IT
E001580,ENTITY_001580,BR
E001581,ENTITY_001581,AE
E001582,ENTITY_001582,JP
E001583,ENTITY_001583,CN
E001584,ENTITY_001584,TR
E001585,ENTITY_001585,TR
E001586,ENTITY_001586,IL
E001587,ENTITY_001587,ES
E001588,ENTITY_001588,TR
E001589,ENTITY_001589,IL
E001590,ENTITY_001590,SG
E001591,ENTITY_001591,KR
E001592,ENTITY_001592,SE
E001593,ENTITY_001593,CA
E001594,ENTITY_001594,ES
E001595,ENTITY_001595,FR
E001596,ENTITY_001596,JP
E001597,ENTITY_001597,CA
E001598,ENTITY_001598,BR
E001599,ENTITY_001599,AE
E001600,ENTITY_001600,MX
E001601,ENTITY_001601,IL
E001602,ENTITY_001602,CN
E001603,ENTITY_001603,IL
E001604,ENTITY_001604,ES
E001605,ENTITY_001605,ES
E001606,ENTITY_001606,GB
E001607,ENTITY_001607,SG
E001608,ENTITY_001608,AE
E001609,ENTITY_001609,JP
E001610,ENTITY_001610,KR
E001611,ENTITY_001611,AE
E001612,ENTITY_001612,CN
E001613,ENTITY_001613,SE
E001614,ENTITY_001614,GB
E001615,ENTITY_001615,ES
E001616,ENTITY_001616,CA
E001617,ENTITY_001617,CN
E001618,ENTITY_001618,US
E001619,ENTITY_001619,DE
E001620,ENTITY_001620,BR
E001621,ENTITY_001621,CN
E001622,ENTITY_001622,DE
E001623,ENTITY_001623,US
E001624,ENTITY_001624,CN
E001625,ENTITY_001625,DE
E001626,ENTITY_001626,JP
E001627,ENTITY_001627,IT
E001628,ENTITY_001628,IN
E001629,ENTITY_001629,CA
E001630,ENTITY_001630,IL
E001631,ENTITY_001631,TR
E001632,ENTITY_001632,IT
E001633,ENTITY_001633,SE
E001634,ENTITY_001634,FR
E001635,ENTITY_001635,TR
E001636,ENTITY_001636,FR
E001637,ENTITY_001637,ES
E001638,ENTITY_001638,SG
E001639,ENTITY_001639,IL
E001640,ENTITY_001640,JP
E001641,ENTITY_001641,NL
E001642,ENTITY_001642,NL
E001643,ENTITY_001643,KR
E001644,ENTITY_001644,DE
E001645,ENTITY_001645,US
E001646,ENTITY_001646,GB
E001647,ENTITY_001647,MX
E001648,ENTITY_001648,VN
E001649,ENTITY_001649,SE
E001650,ENTITY_001650,TR
E001651,ENTITY_001651,MX
E001652,ENTITY_001652,CA
E001653,ENTITY_001653,IL
E001654,ENTITY_001654,IL
E001655,ENTITY_001655,BR
E001656,ENTITY_001656,ES
E001657,ENTITY_001657,NL
E001658,ENTITY_001658,US
E001659,ENTITY_001659,MX
E001660,ENTITY_001660,CN
E001661,ENTITY_001661,GB
E001662,ENTITY_001662,JP
E001663,ENTITY_001663,IT
E001664,ENTITY_001664,DE
E001665,ENTITY_001665,CN
E001666,ENTITY_001666,IN
E001667,ENTITY_001667,KR
E001668,ENTITY_001668,US
E001669,ENTITY_001669,IN
E001670,ENTITY_001670,KR
E001671,ENTITY_001671,IN
E001672,ENTITY_001672,NL
E001673,ENTITY_001673,KR
E001674,ENTITY_001674,CA
E001675,ENTITY_001675,NL
E001676,ENTITY_001676,TR
E001677,ENTITY_001677,IL
E001678,ENTITY_001678,IT
E001679,ENTITY_001679,SG
E001680,ENTITY_001680,MX
E001681,ENTITY_001681,VN
E001682,ENTITY_001682,DE
E001683,ENTITY_001683,VN
E001684,ENTITY_001684,ES
E001685,ENTITY_001685,NL
E001686,ENTITY_001686,SE
E001687,ENTITY_001687,SE
E001688,ENTITY_001688,IL
E001689,ENTITY_001689,DE
E001690,ENTITY_001690,GB
E001691,ENTITY_001691,CN
E001692,ENTITY_001692,ES
E001693,ENTITY_001693,BR
E001694,ENTITY_001694,SE
E001695,ENTITY_001695,IT
E001696,ENTITY_001696,SE
E001697,ENTITY_001697,CN
E001698,ENTITY_001698,NL
E001699,ENTITY_001699,FR
E001700,ENTITY_001700,NL
E001701,ENTITY_001701,IN
E001702,ENTITY_001702,TR
E001703,ENTITY_001703,IN
E001704,ENTITY_001704,CA
E001705,ENTITY_001705,MX
E001706,ENTITY_001706,SE
E001707,ENTITY_001707,MX
E001708,ENTITY_001708,FR
E001709,ENTITY_001709,IT
E001710,ENTITY_001710,CA
E001711,ENTITY_001711,IL
E001712,ENTITY_001712,SE
E001713,ENTITY_001713,FR
E001714,ENTITY_001714,BR
E001715,ENTITY_001715,IL
E001716,ENTITY_001716,VN
E001717,ENTITY_001717,GB
E001718,ENTITY_001718,US
E001719,ENTITY_001719,SG
E001720,ENTITY_001720,BR
E001721,ENTITY_001721,IL
E001722,ENTITY_001722,IL
E001723,ENTITY_001723,GB
E001724,ENTITY_001724,IT
E001725,ENTITY_001725,VN
E001726,ENTITY_001726,IL
E001727,ENTITY_001727,TR
E001728,ENTITY_001728,AE
E001729,ENTITY_001729,ES
E001730,ENTITY_001730,TR
E001731,ENTITY_001731,IL
E001732,ENTITY_001732,IL
E001733,ENTITY_001733,CN
E001734,ENTITY_001734,AE
E001735,ENTITY_001735,CA
E001736,ENTITY_001736,GB
E001737,ENTITY_001737,MX
E001738,ENTITY_001738,KR
E001739,ENTITY_001739,BR
E001740,ENTITY_001740,CN
E001741,ENTITY_001741,JP
E001742,ENTITY_001742,DE
E001743,ENTITY_001743,CA
E001744,ENTITY_001744,IT
E001745,ENTITY_001745,JP
E001746,ENTITY_001746,NL
E001747,ENTITY_001747,US
E001748,ENTITY_001748,DE
E001749,ENTITY_001749,AE
E001750,ENTITY_001750,JP
E001751,ENTITY_001751,GB
E001752,ENTITY_001752,BR
E001753,ENTITY_001753,IT
E001754,ENTITY_001754,TR
E001755,ENTITY_001755,KR
E001756,ENTITY_001756,BR
E001757,ENTITY_001757,CN
E001758,ENTITY_001758,SE
E001759,ENTITY_001759,TR
E001760,ENTITY_001760,MX
E001761,ENTITY_001761,GB
E001762,ENTITY_001762,VN
E001763,ENTITY_001763,FR
E001764,ENTITY_001764,JP
E001765,ENTITY_001765,IL
E001766,ENTITY_001766,DE
E001767,ENTITY_001767,MX
E001768,ENTITY_001768,DE
E001769,ENTITY_001769,GB
E001770,ENTITY_001770,NL
E001771,ENTITY_001771,US
E001772,ENTITY_001772,US
E001773,ENTITY_001773,IT
E001774,ENTITY_001774,IL
E001775,ENTITY_001775,ES
E001776,ENTITY_001776,CA
E001777,ENTITY_001777,NL
E001778,ENTITY_001778,NL
E001779,ENTITY_001779,GB
E001780,ENTITY_001780,GB
E001781,ENTITY_001781,NL
E001782,ENTITY_001782,IN
E001783,ENTITY_001783,BR
E001784,ENTITY_001784,GB
E001785,ENTITY_001785,KR
E001786,ENTITY_001786,DE
E001787,ENTITY_001787,IT
E001788,ENTITY_001788,NL
E001789,ENTITY_001789,AE
E001790,ENTITY_001790,TR
E001791,ENTITY_001791,DE
E001792,ENTITY_001792,SG
E001793,ENTITY_001793,AE
E001794,ENTITY_001794,GB
E001795,ENTITY_001795,VN
E001796,ENTITY_001796,MX
E001797,ENTITY_001797,SE
E001798,ENTITY_001798,IL
E001799,ENTITY_001799,MX
E001800,ENTITY_001800,CN
E001801,ENTITY_001801,ES
E001802,ENTITY_001802,GB
E001803,ENTITY_001803,DE
E001804,ENTITY_001804,JP
E001805,ENTITY_001805,TR
E001806,ENTITY_001806,KR
E001807,ENTITY_001807,DE
E001808,ENTITY_001808,FR
E001809,ENTITY_001809,NL
E001810,ENTITY_001810,VN
E001811,ENTITY_001811,JP
E001812,ENTITY_001812,SG
E001813,ENTITY_001813,SG
E001814,ENTITY_001814,DE
E001815,ENTITY_001815,SG
E001816,ENTITY_001816,TR
E001817,ENTITY_001817,NL
E001818,ENTITY_001818,AE
E001819,ENTITY_001819,CN
E001820,ENTITY_001820,SG
E001821,ENTITY_001821,BR
E001822,ENTITY_001822,US
E001823,ENTITY_001823,VN
E001824,ENTITY_001824,JP
E001825,ENTITY_001825,KR
E001826,ENTITY_001826,SG
E001827,ENTITY_001827,CN
E001828,ENTITY_001828,IN
E001829,ENTITY_001829,NL
E001830,ENTITY_001830,SG
E001831,ENTITY_001831,BR
E001832,ENTITY_001832,NL
E001833,ENTITY_001833,KR
E001834,ENTITY_001834,FR
E001835,ENTITY_001835,BR
E001836,ENTITY_001836,SG
E001837,ENTITY_001837,SE
E001838,ENTITY_001838,VN
E001839,ENTITY_001839,MX
E001840,ENTITY_001840,FR
E001841,ENTITY_001841,IL
E001842,ENTITY_001842,BR
E001843,ENTITY_001843,IT
E001844,ENTITY_001844,BR
E001845,ENTITY_001845,US
E001846,ENTITY_001846,VN
E001847,ENTITY_001847,TR
E001848,ENTITY_001848,BR
E001849,ENTITY_001849,CN
E001850,ENTITY_001850,IL
E001851,ENTITY_001851,KR
E001852,ENTITY_001852,VN
E001853,ENTITY_001853,US
E001854,ENTITY_001854,VN
E001855,ENTITY_001855,ES
E001856,ENTITY_001856,AE
E001857,ENTITY_001857,NL
E001858,ENTITY_001858,BR
E001859,ENTITY_001859,GB
E001860,ENTITY_001860,GB
E001861,ENTITY_001861,CA
E001862,ENTITY_001862,CN
E001863,ENTITY_001863,IL
E001864,ENTITY_001864,KR
E001865,ENTITY_001865,NL
E001866,ENTITY_001866,SG
E001867,ENTITY_001867,BR
E001868,ENTITY_001868,IT
E001869,ENTITY_001869,BR
E001870,ENTITY_001870,FR
E001871,ENTITY_001871,ES
E001872,ENTITY_001872,IL
E001873,ENTITY_001873,CN
E001874,ENTITY_001874,MX
E001875,ENTITY_001875,FR
E001876,ENTITY_001876,US
E001877,ENTITY_001877,GB
E001878,ENTITY_001878,AE
E001879,ENTITY_001879,IT
E001880,ENTITY_001880,NL
E001881,ENTITY_001881,IT
E001882,ENTITY_001882,CN
E001883,ENTITY_001883,IT
E001884,ENTITY_001884,CN
E001885,ENTITY_001885,IN
E001886,ENTITY_001886,NL
E001887,ENTITY_001887,AE
E001888,ENTITY_001888,IT
E001889,ENTITY_001889,CN
E001890,ENTITY_001890,ES
E001891,ENTITY_001891,FR
E001892,ENTITY_001892,CN
E001893,ENTITY_001893,GB
E001894,ENTITY_001894,KR
E001895,ENTITY_001895,FR
E001896,ENTITY_001896,CA
E001897,ENTITY_001897,JP
E001898,ENTITY_001898,MX
E001899,ENTITY_001899,TR
E001900,ENTITY_001900,MX
E001901,ENTITY_001901,MX
E001902,ENTITY_001902,ES
E001903,ENTITY_001903,CA
E001904,ENTITY_001904,VN
E001905,ENTITY_001905,IT
E001906,ENTITY_001906,CA
E001907,ENTITY_001907,MX
E001908,ENTITY_001908,IN
E001909,ENTITY_001909,KR
E001910,ENTITY_001910,IT
E001911,ENTITY_001911,NL
E001912,ENTITY_001912,IN
E001913,ENTITY_001913,US
E001914,ENTITY_001914,IT
E001915,ENTITY_001915,FR
E001916,ENTITY_001916,SG
E001917,ENTITY_001917,CA
E001918,ENTITY_001918,SG
E001919,ENTITY_001919,DE
E001920,ENTITY_001920,GB
E001921,ENTITY_001921,IT
E001922,ENTITY_001922,KR
E001923,ENTITY_001923,DE
E001924,ENTITY_001924,CA
E001925,ENTITY_001925,TR
E001926,ENTITY_001926,SE
E001927,ENTITY_001927,US
E001928,ENTITY_001928,NL
E001929,ENTITY_001929,CN
E001930,ENTITY_001930,IL
E001931,ENTITY_001931,US
E001932,ENTITY_001932,SG
E001933,ENTITY_001933,NL
E001934,ENTITY_001934,IL
E001935,ENTITY_001935,IT
E001936,ENTITY_001936,IN
E001937,ENTITY_001937,FR
E001938,ENTITY_001938,CA
E001939,ENTITY_001939,US
E001940,ENTITY_001940,AE
E001941,ENTITY_001941,CN
E001942,ENTITY_001942,MX
E001943,ENTITY_001943,SE
E001944,ENTITY_001944,BR
E001945,ENTITY_001945,CN
E001946,ENTITY_001946,DE
E001947,ENTITY_001947,DE
E001948,ENTITY_001948,IL
E001949,ENTITY_001949,AE
E001950,ENTITY_001950,NL
E001951,ENTITY_001951,ES
E001952,ENTITY_001952,MX
E001953,ENTITY_001953,GB
E001954,ENTITY_001954,MX
E001955,ENTITY_001955,ES
E001956,ENTITY_001956,DE
E001957,ENTITY_001957,JP
E001958,ENTITY_001958,IL
E001959,ENTITY_001959,SE
E001960,ENTITY_001960,MX
E001961,ENTITY_001961,DE
E001962,ENTITY_001962,NL
E001963,ENTITY_001963,JP
E001964,ENTITY_001964,CN
E001965,ENTITY_001965,IL
E001966,ENTITY_001966,CN
E001967,ENTITY_001967,JP
E001968,ENTITY_001968,NL
E001969,ENTITY_001969,SG
E001970,ENTITY_001970,GB
E001971,ENTITY_001971,TR
E001972,ENTITY_001972,MX
E001973,ENTITY_001973,IT
E001974,ENTITY_001974,CA
E001975,ENTITY_001975,DE
E001976,ENTITY_001976,IL
E001977,ENTITY_001977,KR
E001978,ENTITY_001978,MX
E001979,ENTITY_001979,VN
E001980,ENTITY_001980,JP
E001981,ENTITY_001981,MX
E001982,ENTITY_001982,IL
E001983,ENTITY_001983,DE
E001984,ENTITY_001984,DE
E001985,ENTITY_001985,DE
E001986,ENTITY_001986,SE
E001987,ENTITY_001987,BR
E001988,ENTITY_001988,VN
E001989,ENTITY_001989,TR
E001990,ENTITY_001990,SE
E001991,ENTITY_001991,BR
E001992,ENTITY_001992,GB
E001993,ENTITY_001993,IT
E001994,ENTITY_001994,CN
E001995,ENTITY_001995,DE
E001996,ENTITY_001996,IN
E001997,ENTITY_001997,BR
E001998,ENTITY_001998,NL
E001999,ENTITY_001999,VN
E002000,ENTITY_002000,IT
